{
  "project_info": {
    "project_number": "660256248864",
    "firebase_url": "https://sogong-login-default-rtdb.firebaseio.com",
    "project_id": "sogong-login",
    "storage_bucket": "sogong-login.appspot.com"
  },
  "client": [
    {
      "client_info": {
        "mobilesdk_app_id": "1:660256248864:android:a2eb5791a6053250ac9845",
        "android_client_info": {
          "package_name": "org.chaechae.signup"
        }
      },
      "oauth_client": [
        {
          "client_id": "660256248864-0gj5p4b666lhu7ru6o6190a13oj4ms7o.apps.googleusercontent.com",
          "client_type": 3
        }
      ],
      "api_key": [
        {
          "current_key": "AIzaSyDCB3H-WG0ZAAjTWve4o0J02olfBM93BoU"
        }
      ],
      "services": {
        "appinvite_service": {
          "other_platform_oauth_client": [
            {
              "client_id": "660256248864-0gj5p4b666lhu7ru6o6190a13oj4ms7o.apps.googleusercontent.com",
              "client_type": 3
            }
          ]
        }
      }
    },
    {
      "client_info": {
        "mobilesdk_app_id": "1:660256248864:android:e4b10ee13394caffac9845",
        "android_client_info": {
          "package_name": "org.chaechae.sogong"
        }
      },
      "oauth_client": [
        {
          "client_id": "660256248864-0gj5p4b666lhu7ru6o6190a13oj4ms7o.apps.googleusercontent.com",
          "client_type": 3
        }
      ],
      "api_key": [
        {
          "current_key": "AIzaSyDCB3H-WG0ZAAjTWve4o0J02olfBM93BoU"
        }
      ],
      "services": {
        "appinvite_service": {
          "other_platform_oauth_client": [
            {
              "client_id": "660256248864-0gj5p4b666lhu7ru6o6190a13oj4ms7o.apps.googleusercontent.com",
              "client_type": 3
            }
          ]
        }
      }
    }
  ],
  "configuration_version": "1"
}